notifyId,UserSendCount,click_cnt,CTR
9661,157,101,0.643312102
9667,2638,653,0.247536012
9692,1214,256,0.210873147
9702,1214,117,0.096375618
9707,2071,179,0.086431676
